archived_at_utc,ojp_file,ojp_rows,ojp_cities,ojp_stations,weather_file,weather_rows,weather_cities
2026-09-30T17:34:47+00:00,ojp_snapshot_20260930_173430.csv,477,8,16,weather_snapshot_20260930_173439.csv,8,8
2026-09-30T21:32:20+00:00,ojp_snapshot_20260930_213208.csv,479,8,16,weather_snapshot_20260930_213216.csv,8,8
2026-10-01T00:48:56+00:00,ojp_snapshot_20261001_004841.csv,480,8,16,weather_snapshot_20261001_004850.csv,8,8
2026-10-01T07:09:18+00:00,ojp_snapshot_20261001_070901.csv,479,8,16,weather_snapshot_20261001_070910.csv,8,8
2026-10-01T14:45:27+00:00,ojp_snapshot_20261001_144511.csv,479,8,16,weather_snapshot_20261001_144521.csv,8,8
2026-10-01T20:19:48+00:00,ojp_snapshot_20261001_201935.csv,476,8,16,weather_snapshot_20261001_201944.csv,8,8
2026-10-02T00:09:23+00:00,ojp_snapshot_20261002_000910.csv,480,8,16,weather_snapshot_20261002_000919.csv,8,8
2026-10-02T06:07:32+00:00,ojp_snapshot_20261002_060719.csv,479,8,16,weather_snapshot_20261002_060728.csv,8,8
2026-10-02T12:29:05+00:00,ojp_snapshot_20261002_122851.csv,448,8,15,weather_snapshot_20261002_122900.csv,8,8
